002,Jane Smith,Female,Manager,28,janesmith,password456
003,Michael Brown,Male,Analyst,32,michaelb,password789
004,Emily Davis,Female,Designer,26,emilyd,password111
005,David Wilson,Male,Tester,29,davidw,password222
006,Emma Johnson,Female,HR,35,emmaj,password333
007,Liam Martin,Male,Support,27,liamm,password444
008,Olivia Moore,Female,Consultant,31,oliviam,password555
009,Noah Taylor,Male,Engineer,34,noaht,password666
010,hello,male,dev,19,h,hello
001,Hello Kitty,female,dev,21,hellokitty123,hellokitty123@
